[
  {
    "date": "31-12-1969",
    "price": 35.2
  },
  {
    "date": "30-01-1970",
    "price": 34.99
  },
  {
    "date": "27-02-1970",
    "price": 35.02
  },
  {
    "date": "31-03-1970",
    "price": 35.3
  },
  {
    "date": "30-04-1970",
    "price": 35.85
  },
  {
    "date": "29-05-1970",
    "price": 35.45
  },
  {
    "date": "30-06-1970",
    "price": 35.49
  },
  {
    "date": "31-07-1970",
    "price": 35.3
  },
  {
    "date": "31-08-1970",
    "price": 35.8
  },
  {
    "date": "30-09-1970",
    "price": 36.4
  },
  {
    "date": "30-10-1970",
    "price": 37.25
  },
  {
    "date": "30-11-1970",
    "price": 37.54
  },
  {
    "date": "31-12-1970",
    "price": 37.38
  },
  {
    "date": "29-01-1971",
    "price": 38.05
  },
  {
    "date": "26-02-1971",
    "price": 38.8
  },
  {
    "date": "31-03-1971",
    "price": 38.88
  },
  {
    "date": "30-04-1971",
    "price": 39.7
  },
  {
    "date": "31-05-1971",
    "price": 40.84
  },
  {
    "date": "30-06-1971",
    "price": 40.1
  },
  {
    "date": "30-07-1971",
    "price": 42.4
  },
  {
    "date": "31-08-1971",
    "price": 40.65
  },
  {
    "date": "30-09-1971",
    "price": 42.6
  },
  {
    "date": "29-10-1971",
    "price": 42.34
  },
  {
    "date": "30-11-1971",
    "price": 43.6
  },
  {
    "date": "31-12-1971",
    "price": 43.55
  },
  {
    "date": "31-01-1972",
    "price": 47.15
  },
  {
    "date": "29-02-1972",
    "price": 48.2
  },
  {
    "date": "31-03-1972",
    "price": 48.38
  },
  {
    "date": "28-04-1972",
    "price": 49.6
  },
  {
    "date": "31-05-1972",
    "price": 59.45
  },
  {
    "date": "30-06-1972",
    "price": 64.65
  },
  {
    "date": "31-07-1972",
    "price": 68.3
  },
  {
    "date": "31-08-1972",
    "price": 66.88
  },
  {
    "date": "29-09-1972",
    "price": 64.2
  },
  {
    "date": "31-10-1972",
    "price": 64.39
  },
  {
    "date": "30-11-1972",
    "price": 63.6
  },
  {
    "date": "29-12-1972",
    "price": 64.9
  },
  {
    "date": "31-01-1973",
    "price": 66
  },
  {
    "date": "28-02-1973",
    "price": 85
  },
  {
    "date": "30-03-1973",
    "price": 90
  },
  {
    "date": "30-04-1973",
    "price": 90.72
  },
  {
    "date": "31-05-1973",
    "price": 114.75
  },
  {
    "date": "29-06-1973",
    "price": 123.25
  },
  {
    "date": "31-07-1973",
    "price": 115.6
  },
  {
    "date": "31-08-1973",
    "price": 103.5
  },
  {
    "date": "28-09-1973",
    "price": 100
  },
  {
    "date": "31-10-1973",
    "price": 98
  },
  {
    "date": "30-11-1973",
    "price": 101
  },
  {
    "date": "31-12-1973",
    "price": 112.25
  },
  {
    "date": "31-01-1974",
    "price": 132.5
  },
  {
    "date": "28-02-1974",
    "price": 162.5
  },
  {
    "date": "29-03-1974",
    "price": 173
  },
  {
    "date": "30-04-1974",
    "price": 169.25
  },
  {
    "date": "31-05-1974",
    "price": 156.75
  },
  {
    "date": "28-06-1974",
    "price": 144.25
  },
  {
    "date": "31-07-1974",
    "price": 156
  },
  {
    "date": "30-08-1974",
    "price": 156
  },
  {
    "date": "30-09-1974",
    "price": 151.25
  },
  {
    "date": "31-10-1974",
    "price": 167
  },
  {
    "date": "29-11-1974",
    "price": 184
  },
  {
    "date": "31-12-1974",
    "price": 186.5
  },
  {
    "date": "31-01-1975",
    "price": 175.8
  },
  {
    "date": "28-02-1975",
    "price": 181.75
  },
  {
    "date": "31-03-1975",
    "price": 177.25
  },
  {
    "date": "30-04-1975",
    "price": 167
  },
  {
    "date": "30-05-1975",
    "price": 167
  },
  {
    "date": "30-06-1975",
    "price": 166.25
  },
  {
    "date": "31-07-1975",
    "price": 166.7
  },
  {
    "date": "29-08-1975",
    "price": 159.8
  },
  {
    "date": "30-09-1975",
    "price": 141.25
  },
  {
    "date": "31-10-1975",
    "price": 142.9
  },
  {
    "date": "28-11-1975",
    "price": 138.15
  },
  {
    "date": "31-12-1975",
    "price": 140.25
  },
  {
    "date": "30-01-1976",
    "price": 128.15
  },
  {
    "date": "27-02-1976",
    "price": 132.3
  },
  {
    "date": "31-03-1976",
    "price": 129.6
  },
  {
    "date": "30-04-1976",
    "price": 128.4
  },
  {
    "date": "31-05-1976",
    "price": 125.5
  },
  {
    "date": "30-06-1976",
    "price": 123.8
  },
  {
    "date": "30-07-1976",
    "price": 112.5
  },
  {
    "date": "31-08-1976",
    "price": 104
  },
  {
    "date": "30-09-1976",
    "price": 116
  },
  {
    "date": "29-10-1976",
    "price": 123.15
  },
  {
    "date": "30-11-1976",
    "price": 130.25
  },
  {
    "date": "31-12-1976",
    "price": 134.5
  },
  {
    "date": "31-01-1977",
    "price": 132.3
  },
  {
    "date": "28-02-1977",
    "price": 142.75
  },
  {
    "date": "31-03-1977",
    "price": 148.9
  },
  {
    "date": "29-04-1977",
    "price": 147.25
  },
  {
    "date": "31-05-1977",
    "price": 142.95
  },
  {
    "date": "30-06-1977",
    "price": 143
  },
  {
    "date": "29-07-1977",
    "price": 144.1
  },
  {
    "date": "31-08-1977",
    "price": 146
  },
  {
    "date": "30-09-1977",
    "price": 154.05
  },
  {
    "date": "31-10-1977",
    "price": 161.5
  },
  {
    "date": "30-11-1977",
    "price": 160.05
  },
  {
    "date": "30-12-1977",
    "price": 164.95
  },
  {
    "date": "31-01-1978",
    "price": 175.75
  },
  {
    "date": "28-02-1978",
    "price": 182.25
  },
  {
    "date": "31-03-1978",
    "price": 181.6
  },
  {
    "date": "28-04-1978",
    "price": 170.85
  },
  {
    "date": "31-05-1978",
    "price": 184.15
  },
  {
    "date": "30-06-1978",
    "price": 183.05
  },
  {
    "date": "31-07-1978",
    "price": 200.25
  },
  {
    "date": "31-08-1978",
    "price": 208.7
  },
  {
    "date": "29-09-1978",
    "price": 217.1
  },
  {
    "date": "31-10-1978",
    "price": 242.6
  },
  {
    "date": "30-11-1978",
    "price": 193.4
  },
  {
    "date": "29-12-1978",
    "price": 226
  },
  {
    "date": "31-01-1979",
    "price": 233.7
  },
  {
    "date": "28-02-1979",
    "price": 251.3
  },
  {
    "date": "30-03-1979",
    "price": 240.1
  },
  {
    "date": "30-04-1979",
    "price": 245.3
  },
  {
    "date": "31-05-1979",
    "price": 274.6
  },
  {
    "date": "29-06-1979",
    "price": 277.5
  },
  {
    "date": "31-07-1979",
    "price": 296.45
  },
  {
    "date": "31-08-1979",
    "price": 315.1
  },
  {
    "date": "28-09-1979",
    "price": 397.25
  },
  {
    "date": "31-10-1979",
    "price": 382
  },
  {
    "date": "30-11-1979",
    "price": 415.65
  },
  {
    "date": "31-12-1979",
    "price": 512
  },
  {
    "date": "31-01-1980",
    "price": 653
  },
  {
    "date": "29-02-1980",
    "price": 637
  },
  {
    "date": "31-03-1980",
    "price": 494.5
  },
  {
    "date": "30-04-1980",
    "price": 518
  },
  {
    "date": "30-05-1980",
    "price": 535.5
  },
  {
    "date": "30-06-1980",
    "price": 653.5
  },
  {
    "date": "31-07-1980",
    "price": 614.25
  },
  {
    "date": "29-08-1980",
    "price": 631.25
  },
  {
    "date": "30-09-1980",
    "price": 666.75
  },
  {
    "date": "31-10-1980",
    "price": 629
  },
  {
    "date": "28-11-1980",
    "price": 619.75
  },
  {
    "date": "31-12-1980",
    "price": 589.75
  },
  {
    "date": "30-01-1981",
    "price": 506.5
  },
  {
    "date": "27-02-1981",
    "price": 489
  },
  {
    "date": "31-03-1981",
    "price": 513.75
  },
  {
    "date": "30-04-1981",
    "price": 482.75
  },
  {
    "date": "29-05-1981",
    "price": 479.25
  },
  {
    "date": "30-06-1981",
    "price": 426
  },
  {
    "date": "31-07-1981",
    "price": 406
  },
  {
    "date": "31-08-1981",
    "price": 425
  },
  {
    "date": "30-09-1981",
    "price": 428.75
  },
  {
    "date": "30-10-1981",
    "price": 427
  },
  {
    "date": "30-11-1981",
    "price": 414.5
  },
  {
    "date": "31-12-1981",
    "price": 397.5
  },
  {
    "date": "29-01-1982",
    "price": 387
  },
  {
    "date": "26-02-1982",
    "price": 362.6
  },
  {
    "date": "31-03-1982",
    "price": 320
  },
  {
    "date": "30-04-1982",
    "price": 361.25
  },
  {
    "date": "31-05-1982",
    "price": 325.25
  },
  {
    "date": "30-06-1982",
    "price": 317.5
  },
  {
    "date": "30-07-1982",
    "price": 342.9
  },
  {
    "date": "31-08-1982",
    "price": 411.5
  },
  {
    "date": "30-09-1982",
    "price": 397
  },
  {
    "date": "29-10-1982",
    "price": 423.25
  },
  {
    "date": "30-11-1982",
    "price": 436
  },
  {
    "date": "31-12-1982",
    "price": 456.9
  },
  {
    "date": "31-01-1983",
    "price": 499.5
  },
  {
    "date": "28-02-1983",
    "price": 408.5
  },
  {
    "date": "31-03-1983",
    "price": 414.75
  },
  {
    "date": "29-04-1983",
    "price": 429.25
  },
  {
    "date": "31-05-1983",
    "price": 437.5
  },
  {
    "date": "30-06-1983",
    "price": 416
  },
  {
    "date": "29-07-1983",
    "price": 422
  },
  {
    "date": "31-08-1983",
    "price": 414.25
  },
  {
    "date": "30-09-1983",
    "price": 405
  },
  {
    "date": "31-10-1983",
    "price": 382
  },
  {
    "date": "30-11-1983",
    "price": 405
  },
  {
    "date": "30-12-1983",
    "price": 382.4
  },
  {
    "date": "31-01-1984",
    "price": 373.75
  },
  {
    "date": "29-02-1984",
    "price": 394.25
  },
  {
    "date": "30-03-1984",
    "price": 388.5
  },
  {
    "date": "30-04-1984",
    "price": 375.8
  },
  {
    "date": "31-05-1984",
    "price": 384.25
  },
  {
    "date": "29-06-1984",
    "price": 373.05
  },
  {
    "date": "31-07-1984",
    "price": 342.35
  },
  {
    "date": "31-08-1984",
    "price": 348.25
  },
  {
    "date": "28-09-1984",
    "price": 343.75
  },
  {
    "date": "31-10-1984",
    "price": 333.5
  },
  {
    "date": "30-11-1984",
    "price": 329
  },
  {
    "date": "31-12-1984",
    "price": 308.3
  },
  {
    "date": "31-01-1985",
    "price": 306.65
  },
  {
    "date": "28-02-1985",
    "price": 287.75
  },
  {
    "date": "29-03-1985",
    "price": 329.25
  },
  {
    "date": "30-04-1985",
    "price": 321.35
  },
  {
    "date": "31-05-1985",
    "price": 314
  },
  {
    "date": "28-06-1985",
    "price": 317.75
  },
  {
    "date": "31-07-1985",
    "price": 327.5
  },
  {
    "date": "30-08-1985",
    "price": 333.25
  },
  {
    "date": "30-09-1985",
    "price": 325.75
  },
  {
    "date": "31-10-1985",
    "price": 325.1
  },
  {
    "date": "29-11-1985",
    "price": 325.3
  },
  {
    "date": "31-12-1985",
    "price": 326.8
  },
  {
    "date": "31-01-1986",
    "price": 350.5
  },
  {
    "date": "28-02-1986",
    "price": 338.15
  },
  {
    "date": "31-03-1986",
    "price": 344
  },
  {
    "date": "30-04-1986",
    "price": 345.75
  },
  {
    "date": "30-05-1986",
    "price": 343.2
  },
  {
    "date": "30-06-1986",
    "price": 346.75
  },
  {
    "date": "31-07-1986",
    "price": 357.5
  },
  {
    "date": "29-08-1986",
    "price": 384.7
  },
  {
    "date": "30-09-1986",
    "price": 423.2
  },
  {
    "date": "31-10-1986",
    "price": 401
  },
  {
    "date": "28-11-1986",
    "price": 389.5
  },
  {
    "date": "31-12-1986",
    "price": 388.75
  },
  {
    "date": "30-01-1987",
    "price": 400.5
  },
  {
    "date": "27-02-1987",
    "price": 405.85
  },
  {
    "date": "31-03-1987",
    "price": 421
  },
  {
    "date": "30-04-1987",
    "price": 453.25
  },
  {
    "date": "29-05-1987",
    "price": 451
  },
  {
    "date": "30-06-1987",
    "price": 447.3
  },
  {
    "date": "31-07-1987",
    "price": 462.5
  },
  {
    "date": "31-08-1987",
    "price": 453.4
  },
  {
    "date": "30-09-1987",
    "price": 459.5
  },
  {
    "date": "30-10-1987",
    "price": 468.8
  },
  {
    "date": "30-11-1987",
    "price": 492.5
  },
  {
    "date": "31-12-1987",
    "price": 484.1
  },
  {
    "date": "29-01-1988",
    "price": 458
  },
  {
    "date": "29-02-1988",
    "price": 426.15
  },
  {
    "date": "31-03-1988",
    "price": 456.95
  },
  {
    "date": "29-04-1988",
    "price": 449
  },
  {
    "date": "31-05-1988",
    "price": 455.5
  },
  {
    "date": "30-06-1988",
    "price": 436.55
  },
  {
    "date": "29-07-1988",
    "price": 436.8
  },
  {
    "date": "31-08-1988",
    "price": 427.75
  },
  {
    "date": "30-09-1988",
    "price": 396.7
  },
  {
    "date": "31-10-1988",
    "price": 412.4
  },
  {
    "date": "30-11-1988",
    "price": 422.6
  },
  {
    "date": "30-12-1988",
    "price": 410.25
  },
  {
    "date": "31-01-1989",
    "price": 394
  },
  {
    "date": "28-02-1989",
    "price": 387
  },
  {
    "date": "31-03-1989",
    "price": 383.2
  },
  {
    "date": "28-04-1989",
    "price": 377.55
  },
  {
    "date": "31-05-1989",
    "price": 361.8
  },
  {
    "date": "30-06-1989",
    "price": 373
  },
  {
    "date": "31-07-1989",
    "price": 368.3
  },
  {
    "date": "31-08-1989",
    "price": 359.8
  },
  {
    "date": "29-09-1989",
    "price": 366.5
  },
  {
    "date": "31-10-1989",
    "price": 375.3
  },
  {
    "date": "30-11-1989",
    "price": 408.15
  },
  {
    "date": "29-12-1989",
    "price": 398.6
  },
  {
    "date": "31-01-1990",
    "price": 415.05
  },
  {
    "date": "28-02-1990",
    "price": 407.7
  },
  {
    "date": "30-03-1990",
    "price": 368.5
  },
  {
    "date": "30-04-1990",
    "price": 367.75
  },
  {
    "date": "31-05-1990",
    "price": 363.05
  },
  {
    "date": "29-06-1990",
    "price": 352.2
  },
  {
    "date": "31-07-1990",
    "price": 372.3
  },
  {
    "date": "31-08-1990",
    "price": 387.75
  },
  {
    "date": "28-09-1990",
    "price": 408.4
  },
  {
    "date": "31-10-1990",
    "price": 379.5
  },
  {
    "date": "30-11-1990",
    "price": 384.85
  },
  {
    "date": "31-12-1990",
    "price": 386.2
  },
  {
    "date": "31-01-1991",
    "price": 366
  },
  {
    "date": "28-02-1991",
    "price": 362.7
  },
  {
    "date": "29-03-1991",
    "price": 355.65
  },
  {
    "date": "30-04-1991",
    "price": 357.75
  },
  {
    "date": "31-05-1991",
    "price": 360.4
  },
  {
    "date": "28-06-1991",
    "price": 368.35
  },
  {
    "date": "31-07-1991",
    "price": 362.85
  },
  {
    "date": "30-08-1991",
    "price": 347.4
  },
  {
    "date": "30-09-1991",
    "price": 354.9
  },
  {
    "date": "31-10-1991",
    "price": 357.45
  },
  {
    "date": "29-11-1991",
    "price": 366.3
  },
  {
    "date": "31-12-1991",
    "price": 353.15
  },
  {
    "date": "31-01-1992",
    "price": 354.1
  },
  {
    "date": "28-02-1992",
    "price": 353.1
  },
  {
    "date": "31-03-1992",
    "price": 341.7
  },
  {
    "date": "30-04-1992",
    "price": 336.35
  },
  {
    "date": "29-05-1992",
    "price": 337.5
  },
  {
    "date": "30-06-1992",
    "price": 343.4
  },
  {
    "date": "31-07-1992",
    "price": 357.85
  },
  {
    "date": "31-08-1992",
    "price": 340
  },
  {
    "date": "30-09-1992",
    "price": 349
  },
  {
    "date": "30-10-1992",
    "price": 339.25
  },
  {
    "date": "30-11-1992",
    "price": 334.2
  },
  {
    "date": "31-12-1992",
    "price": 332.9
  },
  {
    "date": "29-01-1993",
    "price": 330.45
  },
  {
    "date": "26-02-1993",
    "price": 327.6
  },
  {
    "date": "31-03-1993",
    "price": 337.8
  },
  {
    "date": "30-04-1993",
    "price": 354.3
  },
  {
    "date": "31-05-1993",
    "price": 377.45
  },
  {
    "date": "30-06-1993",
    "price": 378.45
  },
  {
    "date": "30-07-1993",
    "price": 401.75
  },
  {
    "date": "31-08-1993",
    "price": 371.55
  },
  {
    "date": "30-09-1993",
    "price": 355.5
  },
  {
    "date": "29-10-1993",
    "price": 369.6
  },
  {
    "date": "30-11-1993",
    "price": 370.9
  },
  {
    "date": "31-12-1993",
    "price": 391.75
  },
  {
    "date": "31-01-1994",
    "price": 377.9
  },
  {
    "date": "28-02-1994",
    "price": 381.55
  },
  {
    "date": "31-03-1994",
    "price": 389.2
  },
  {
    "date": "29-04-1994",
    "price": 376.45
  },
  {
    "date": "31-05-1994",
    "price": 387.6
  },
  {
    "date": "30-06-1994",
    "price": 388.25
  },
  {
    "date": "29-07-1994",
    "price": 384
  },
  {
    "date": "31-08-1994",
    "price": 385.75
  },
  {
    "date": "30-09-1994",
    "price": 394.85
  },
  {
    "date": "31-10-1994",
    "price": 383.85
  },
  {
    "date": "30-11-1994",
    "price": 383.1
  },
  {
    "date": "30-12-1994",
    "price": 383.25
  },
  {
    "date": "31-01-1995",
    "price": 374.9
  },
  {
    "date": "28-02-1995",
    "price": 376.4
  },
  {
    "date": "31-03-1995",
    "price": 392
  },
  {
    "date": "28-04-1995",
    "price": 389.75
  },
  {
    "date": "31-05-1995",
    "price": 384.3
  },
  {
    "date": "30-06-1995",
    "price": 387.05
  },
  {
    "date": "31-07-1995",
    "price": 383.35
  },
  {
    "date": "31-08-1995",
    "price": 382.35
  },
  {
    "date": "29-09-1995",
    "price": 384
  },
  {
    "date": "31-10-1995",
    "price": 382.65
  },
  {
    "date": "30-11-1995",
    "price": 387.8
  },
  {
    "date": "29-12-1995",
    "price": 387
  },
  {
    "date": "31-01-1996",
    "price": 405.55
  },
  {
    "date": "29-02-1996",
    "price": 400.65
  },
  {
    "date": "29-03-1996",
    "price": 396.35
  },
  {
    "date": "30-04-1996",
    "price": 391.3
  },
  {
    "date": "31-05-1996",
    "price": 390.55
  },
  {
    "date": "28-06-1996",
    "price": 382
  },
  {
    "date": "31-07-1996",
    "price": 385.3
  },
  {
    "date": "30-08-1996",
    "price": 386.45
  },
  {
    "date": "30-09-1996",
    "price": 379
  },
  {
    "date": "31-10-1996",
    "price": 379.5
  },
  {
    "date": "29-11-1996",
    "price": 371.3
  },
  {
    "date": "31-12-1996",
    "price": 369.25
  },
  {
    "date": "31-01-1997",
    "price": 345.5
  },
  {
    "date": "28-02-1997",
    "price": 358.6
  },
  {
    "date": "31-03-1997",
    "price": 348.15
  },
  {
    "date": "30-04-1997",
    "price": 340.15
  },
  {
    "date": "30-05-1997",
    "price": 345.6
  },
  {
    "date": "30-06-1997",
    "price": 334.55
  },
  {
    "date": "31-07-1997",
    "price": 326.35
  },
  {
    "date": "29-08-1997",
    "price": 325.35
  },
  {
    "date": "30-09-1997",
    "price": 332.1
  },
  {
    "date": "31-10-1997",
    "price": 311.4
  },
  {
    "date": "28-11-1997",
    "price": 296.8
  },
  {
    "date": "31-12-1997",
    "price": 290.2
  },
  {
    "date": "30-01-1998",
    "price": 304.85
  },
  {
    "date": "27-02-1998",
    "price": 297.4
  },
  {
    "date": "31-03-1998",
    "price": 301
  },
  {
    "date": "30-04-1998",
    "price": 310.7
  },
  {
    "date": "29-05-1998",
    "price": 293.6
  },
  {
    "date": "30-06-1998",
    "price": 296.3
  },
  {
    "date": "31-07-1998",
    "price": 288.85
  },
  {
    "date": "31-08-1998",
    "price": 273.4
  },
  {
    "date": "30-09-1998",
    "price": 293.85
  },
  {
    "date": "30-10-1998",
    "price": 292.3
  },
  {
    "date": "30-11-1998",
    "price": 294.7
  },
  {
    "date": "31-12-1998",
    "price": 287.8
  },
  {
    "date": "29-01-1999",
    "price": 285.4
  },
  {
    "date": "26-02-1999",
    "price": 287.05
  },
  {
    "date": "31-03-1999",
    "price": 279.45
  },
  {
    "date": "30-04-1999",
    "price": 286.6
  },
  {
    "date": "31-05-1999",
    "price": 268.6
  },
  {
    "date": "30-06-1999",
    "price": 261
  },
  {
    "date": "30-07-1999",
    "price": 255.6
  },
  {
    "date": "31-08-1999",
    "price": 254.8
  },
  {
    "date": "30-09-1999",
    "price": 299
  },
  {
    "date": "29-10-1999",
    "price": 299.1
  },
  {
    "date": "30-11-1999",
    "price": 291.35
  },
  {
    "date": "31-12-1999",
    "price": 290.25
  },
  {
    "date": "31-01-2000",
    "price": 283.3
  },
  {
    "date": "29-02-2000",
    "price": 293.65
  },
  {
    "date": "31-03-2000",
    "price": 276.75
  },
  {
    "date": "28-04-2000",
    "price": 275.05
  },
  {
    "date": "31-05-2000",
    "price": 272.25
  },
  {
    "date": "30-06-2000",
    "price": 288.15
  },
  {
    "date": "31-07-2000",
    "price": 276.75
  },
  {
    "date": "31-08-2000",
    "price": 277
  },
  {
    "date": "29-09-2000",
    "price": 273.65
  },
  {
    "date": "31-10-2000",
    "price": 264.5
  },
  {
    "date": "30-11-2000",
    "price": 269.1
  },
  {
    "date": "29-12-2000",
    "price": 274.45
  },
  {
    "date": "31-01-2001",
    "price": 264.5
  },
  {
    "date": "28-02-2001",
    "price": 266.7
  },
  {
    "date": "30-03-2001",
    "price": 257.7
  },
  {
    "date": "30-04-2001",
    "price": 263.15
  },
  {
    "date": "31-05-2001",
    "price": 267.5
  },
  {
    "date": "29-06-2001",
    "price": 270.6
  },
  {
    "date": "31-07-2001",
    "price": 265.9
  },
  {
    "date": "31-08-2001",
    "price": 273
  },
  {
    "date": "28-09-2001",
    "price": 293.1
  },
  {
    "date": "31-10-2001",
    "price": 278.75
  },
  {
    "date": "30-11-2001",
    "price": 275.5
  },
  {
    "date": "31-12-2001",
    "price": 276.5
  },
  {
    "date": "31-01-2002",
    "price": 282.3
  },
  {
    "date": "28-02-2002",
    "price": 296.85
  },
  {
    "date": "29-03-2002",
    "price": 301.4
  },
  {
    "date": "30-04-2002",
    "price": 308.2
  },
  {
    "date": "31-05-2002",
    "price": 326.6
  },
  {
    "date": "28-06-2002",
    "price": 318.5
  },
  {
    "date": "31-07-2002",
    "price": 304.65
  },
  {
    "date": "30-08-2002",
    "price": 312.8
  },
  {
    "date": "30-09-2002",
    "price": 323.7
  },
  {
    "date": "31-10-2002",
    "price": 316.9
  },
  {
    "date": "29-11-2002",
    "price": 319.05
  },
  {
    "date": "31-12-2002",
    "price": 347.2
  },
  {
    "date": "31-01-2003",
    "price": 367.5
  },
  {
    "date": "28-02-2003",
    "price": 347.45
  },
  {
    "date": "31-03-2003",
    "price": 334.85
  },
  {
    "date": "30-04-2003",
    "price": 336.75
  },
  {
    "date": "30-05-2003",
    "price": 361.4
  },
  {
    "date": "30-06-2003",
    "price": 346
  },
  {
    "date": "31-07-2003",
    "price": 354.75
  },
  {
    "date": "29-08-2003",
    "price": 375.6
  },
  {
    "date": "30-09-2003",
    "price": 388
  },
  {
    "date": "31-10-2003",
    "price": 386.25
  },
  {
    "date": "28-11-2003",
    "price": 398.35
  },
  {
    "date": "31-12-2003",
    "price": 416.25
  },
  {
    "date": "30-01-2004",
    "price": 399.75
  },
  {
    "date": "27-02-2004",
    "price": 395.85
  },
  {
    "date": "31-03-2004",
    "price": 423.7
  },
  {
    "date": "30-04-2004",
    "price": 388.5
  },
  {
    "date": "31-05-2004",
    "price": 393.25
  },
  {
    "date": "30-06-2004",
    "price": 395.8
  },
  {
    "date": "30-07-2004",
    "price": 391.4
  },
  {
    "date": "31-08-2004",
    "price": 407.25
  },
  {
    "date": "30-09-2004",
    "price": 415.65
  },
  {
    "date": "29-10-2004",
    "price": 425.55
  },
  {
    "date": "30-11-2004",
    "price": 453.4
  },
  {
    "date": "31-12-2004",
    "price": 435.6
  },
  {
    "date": "31-01-2005",
    "price": 422.15
  },
  {
    "date": "28-02-2005",
    "price": 435.45
  },
  {
    "date": "31-03-2005",
    "price": 427.5
  },
  {
    "date": "29-04-2005",
    "price": 435.7
  },
  {
    "date": "31-05-2005",
    "price": 414.45
  },
  {
    "date": "30-06-2005",
    "price": 437.1
  },
  {
    "date": "29-07-2005",
    "price": 429
  },
  {
    "date": "31-08-2005",
    "price": 433.25
  },
  {
    "date": "30-09-2005",
    "price": 473.25
  },
  {
    "date": "31-10-2005",
    "price": 470.75
  },
  {
    "date": "30-11-2005",
    "price": 495.65
  },
  {
    "date": "30-12-2005",
    "price": 513
  },
  {
    "date": "31-01-2006",
    "price": 568.75
  },
  {
    "date": "28-02-2006",
    "price": 556
  },
  {
    "date": "31-03-2006",
    "price": 582
  },
  {
    "date": "28-04-2006",
    "price": 644
  },
  {
    "date": "31-05-2006",
    "price": 653
  },
  {
    "date": "30-06-2006",
    "price": 613.5
  },
  {
    "date": "31-07-2006",
    "price": 632.5
  },
  {
    "date": "31-08-2006",
    "price": 623.5
  },
  {
    "date": "29-09-2006",
    "price": 599.25
  },
  {
    "date": "31-10-2006",
    "price": 603.75
  },
  {
    "date": "30-11-2006",
    "price": 646.7
  },
  {
    "date": "29-12-2006",
    "price": 632
  },
  {
    "date": "31-01-2007",
    "price": 650.5
  },
  {
    "date": "28-02-2007",
    "price": 664.2
  },
  {
    "date": "30-03-2007",
    "price": 661.75
  },
  {
    "date": "30-04-2007",
    "price": 677
  },
  {
    "date": "31-05-2007",
    "price": 659.1
  },
  {
    "date": "29-06-2007",
    "price": 650.5
  },
  {
    "date": "31-07-2007",
    "price": 665.5
  },
  {
    "date": "31-08-2007",
    "price": 672
  },
  {
    "date": "28-09-2007",
    "price": 743
  },
  {
    "date": "31-10-2007",
    "price": 789.5
  },
  {
    "date": "30-11-2007",
    "price": 783.5
  },
  {
    "date": "31-12-2007",
    "price": 833.75
  },
  {
    "date": "31-01-2008",
    "price": 923.25
  },
  {
    "date": "29-02-2008",
    "price": 971.5
  },
  {
    "date": "31-03-2008",
    "price": 933.5
  },
  {
    "date": "30-04-2008",
    "price": 871
  },
  {
    "date": "30-05-2008",
    "price": 885.75
  },
  {
    "date": "30-06-2008",
    "price": 930.25
  },
  {
    "date": "31-07-2008",
    "price": 918
  },
  {
    "date": "29-08-2008",
    "price": 833
  },
  {
    "date": "30-09-2008",
    "price": 884.5
  },
  {
    "date": "31-10-2008",
    "price": 730.75
  },
  {
    "date": "28-11-2008",
    "price": 814.5
  },
  {
    "date": "31-12-2008",
    "price": 869.75
  },
  {
    "date": "30-01-2009",
    "price": 919.5
  },
  {
    "date": "27-02-2009",
    "price": 952
  },
  {
    "date": "31-03-2009",
    "price": 916.5
  },
  {
    "date": "30-04-2009",
    "price": 883.25
  },
  {
    "date": "29-05-2009",
    "price": 975.5
  },
  {
    "date": "30-06-2009",
    "price": 934.5
  },
  {
    "date": "31-07-2009",
    "price": 939
  },
  {
    "date": "31-08-2009",
    "price": 955.5
  },
  {
    "date": "30-09-2009",
    "price": 995.75
  },
  {
    "date": "30-10-2009",
    "price": 1040
  },
  {
    "date": "30-11-2009",
    "price": 1175.75
  },
  {
    "date": "31-12-2009",
    "price": 1087.5
  },
  {
    "date": "29-01-2010",
    "price": 1078.5
  },
  {
    "date": "26-02-2010",
    "price": 1108.25
  },
  {
    "date": "31-03-2010",
    "price": 1115.5
  },
  {
    "date": "30-04-2010",
    "price": 1179.25
  },
  {
    "date": "31-05-2010",
    "price": 1207.5
  },
  {
    "date": "30-06-2010",
    "price": 1244
  },
  {
    "date": "30-07-2010",
    "price": 1169
  },
  {
    "date": "31-08-2010",
    "price": 1246
  },
  {
    "date": "30-09-2010",
    "price": 1307
  },
  {
    "date": "29-10-2010",
    "price": 1346.75
  },
  {
    "date": "30-11-2010",
    "price": 1383.5
  },
  {
    "date": "31-12-2010",
    "price": 1405.5
  },
  {
    "date": "31-01-2011",
    "price": 1327
  },
  {
    "date": "28-02-2011",
    "price": 1411
  },
  {
    "date": "31-03-2011",
    "price": 1439
  },
  {
    "date": "29-04-2011",
    "price": 1535.5
  },
  {
    "date": "31-05-2011",
    "price": 1536.5
  },
  {
    "date": "30-06-2011",
    "price": 1505.5
  },
  {
    "date": "29-07-2011",
    "price": 1628.5
  },
  {
    "date": "31-08-2011",
    "price": 1813.5
  },
  {
    "date": "30-09-2011",
    "price": 1620
  },
  {
    "date": "31-10-2011",
    "price": 1722
  },
  {
    "date": "30-11-2011",
    "price": 1746
  },
  {
    "date": "30-12-2011",
    "price": 1531
  },
  {
    "date": "31-01-2012",
    "price": 1744
  },
  {
    "date": "29-02-2012",
    "price": 1770
  },
  {
    "date": "30-03-2012",
    "price": 1662.5
  },
  {
    "date": "30-04-2012",
    "price": 1651.25
  },
  {
    "date": "31-05-2012",
    "price": 1558
  },
  {
    "date": "29-06-2012",
    "price": 1598.5
  },
  {
    "date": "31-07-2012",
    "price": 1622
  },
  {
    "date": "31-08-2012",
    "price": 1648.5
  },
  {
    "date": "28-09-2012",
    "price": 1776
  },
  {
    "date": "31-10-2012",
    "price": 1719
  },
  {
    "date": "30-11-2012",
    "price": 1726
  },
  {
    "date": "31-12-2012",
    "price": 1657.5
  },
  {
    "date": "31-01-2013",
    "price": 1664.75
  },
  {
    "date": "28-02-2013",
    "price": 1588.5
  },
  {
    "date": "29-03-2013",
    "price": 1598.25
  },
  {
    "date": "30-04-2013",
    "price": 1469
  },
  {
    "date": "31-05-2013",
    "price": 1394.5
  },
  {
    "date": "28-06-2013",
    "price": 1192
  },
  {
    "date": "31-07-2013",
    "price": 1314.5
  },
  {
    "date": "30-08-2013",
    "price": 1394.75
  },
  {
    "date": "30-09-2013",
    "price": 1326.5
  },
  {
    "date": "31-10-2013",
    "price": 1324
  },
  {
    "date": "29-11-2013",
    "price": 1253
  },
  {
    "date": "31-12-2013",
    "price": 1204.5
  },
  {
    "date": "31-01-2014",
    "price": 1251
  },
  {
    "date": "28-02-2014",
    "price": 1326.5
  },
  {
    "date": "31-03-2014",
    "price": 1291.75
  },
  {
    "date": "30-04-2014",
    "price": 1288.5
  },
  {
    "date": "30-05-2014",
    "price": 1250.5
  },
  {
    "date": "30-06-2014",
    "price": 1315
  },
  {
    "date": "31-07-2014",
    "price": 1285.25
  },
  {
    "date": "29-08-2014",
    "price": 1285.75
  },
  {
    "date": "30-09-2014",
    "price": 1216.5
  },
  {
    "date": "31-10-2014",
    "price": 1164.25
  },
  {
    "date": "28-11-2014",
    "price": 1182.75
  },
  {
    "date": "31-12-2014",
    "price": 1206
  },
  {
    "date": "30-01-2015",
    "price": 1260.25
  },
  {
    "date": "27-02-2015",
    "price": 1214
  },
  {
    "date": "31-03-2015",
    "price": 1187
  },
  {
    "date": "30-04-2015",
    "price": 1180.25
  },
  {
    "date": "29-05-2015",
    "price": 1191.4
  },
  {
    "date": "30-06-2015",
    "price": 1171
  },
  {
    "date": "31-07-2015",
    "price": 1098.4
  },
  {
    "date": "31-08-2015",
    "price": 1135
  },
  {
    "date": "30-09-2015",
    "price": 1114
  },
  {
    "date": "30-10-2015",
    "price": 1142.35
  },
  {
    "date": "30-11-2015",
    "price": 1061.9
  },
  {
    "date": "31-12-2015",
    "price": 1060
  },
  {
    "date": "29-01-2016",
    "price": 1111.8
  },
  {
    "date": "29-02-2016",
    "price": 1234.9
  },
  {
    "date": "31-03-2016",
    "price": 1237
  },
  {
    "date": "29-04-2016",
    "price": 1285.65
  },
  {
    "date": "31-05-2016",
    "price": 1212.1
  },
  {
    "date": "30-06-2016",
    "price": 1320.75
  },
  {
    "date": "29-07-2016",
    "price": 1342
  },
  {
    "date": "31-08-2016",
    "price": 1309.25
  },
  {
    "date": "30-09-2016",
    "price": 1322.5
  },
  {
    "date": "31-10-2016",
    "price": 1272
  },
  {
    "date": "30-11-2016",
    "price": 1178.1
  },
  {
    "date": "30-12-2016",
    "price": 1145.9
  },
  {
    "date": "31-01-2017",
    "price": 1212.8
  },
  {
    "date": "28-02-2017",
    "price": 1255.6
  },
  {
    "date": "31-03-2017",
    "price": 1244.85
  },
  {
    "date": "28-04-2017",
    "price": 1266.45
  },
  {
    "date": "31-05-2017",
    "price": 1266.2
  },
  {
    "date": "30-06-2017",
    "price": 1242.25
  },
  {
    "date": "31-07-2017",
    "price": 1267.55
  },
  {
    "date": "31-08-2017",
    "price": 1311.75
  },
  {
    "date": "29-09-2017",
    "price": 1283.1
  },
  {
    "date": "31-10-2017",
    "price": 1270.15
  },
  {
    "date": "30-11-2017",
    "price": 1280.2
  },
  {
    "date": "29-12-2017",
    "price": 1291
  },
  {
    "date": "31-01-2018",
    "price": 1345.05
  },
  {
    "date": "28-02-2018",
    "price": 1317.85
  },
  {
    "date": "30-03-2018",
    "price": 1323.85
  },
  {
    "date": "30-04-2018",
    "price": 1313.2
  },
  {
    "date": "31-05-2018",
    "price": 1305.35
  },
  {
    "date": "29-06-2018",
    "price": 1250.45
  },
  {
    "date": "31-07-2018",
    "price": 1220.95
  },
  {
    "date": "31-08-2018",
    "price": 1202.45
  },
  {
    "date": "28-09-2018",
    "price": 1187.25
  },
  {
    "date": "31-10-2018",
    "price": 1214.95
  },
  {
    "date": "30-11-2018",
    "price": 1217.55
  },
  {
    "date": "31-12-2018",
    "price": 1279
  },
  {
    "date": "31-01-2019",
    "price": 1323.25
  },
  {
    "date": "28-02-2019",
    "price": 1319.15
  },
  {
    "date": "29-03-2019",
    "price": 1295.4
  },
  {
    "date": "30-04-2019",
    "price": 1282.3
  },
  {
    "date": "31-05-2019",
    "price": 1295.55
  },
  {
    "date": "28-06-2019",
    "price": 1409
  },
  {
    "date": "31-07-2019",
    "price": 1427.55
  },
  {
    "date": "30-08-2019",
    "price": 1528.4
  },
  {
    "date": "30-09-2019",
    "price": 1485.3
  },
  {
    "date": "31-10-2019",
    "price": 1510.95
  },
  {
    "date": "29-11-2019",
    "price": 1460.15
  },
  {
    "date": "31-12-2019",
    "price": 1514.75
  },
  {
    "date": "31-01-2020",
    "price": 1584.2
  },
  {
    "date": "28-02-2020",
    "price": 1609.85
  },
  {
    "date": "31-03-2020",
    "price": 1608.95
  },
  {
    "date": "30-04-2020",
    "price": 1702.75
  },
  {
    "date": "29-05-2020",
    "price": 1728.7
  },
  {
    "date": "30-06-2020",
    "price": 1768.1
  },
  {
    "date": "31-07-2020",
    "price": 1964.9
  },
  {
    "date": "31-08-2020",
    "price": 1957.35
  },
  {
    "date": "30-09-2020",
    "price": 1886.9
  },
  {
    "date": "30-10-2020",
    "price": 1881.85
  },
  {
    "date": "30-11-2020",
    "price": 1762.55
  },
  {
    "date": "31-12-2020",
    "price": 1887.6
  },
  {
    "date": "29-01-2021",
    "price": 1863.8
  },
  {
    "date": "26-02-2021",
    "price": 1742.85
  },
  {
    "date": "31-03-2021",
    "price": 1691.05
  },
  {
    "date": "30-04-2021",
    "price": 1767.65
  },
  {
    "date": "31-05-2021",
    "price": 1899.95
  },
  {
    "date": "30-06-2021",
    "price": 1763.15
  },
  {
    "date": "30-07-2021",
    "price": 1825.75
  },
  {
    "date": "31-08-2021",
    "price": 1814.85
  },
  {
    "date": "30-09-2021",
    "price": 1742.8
  },
  {
    "date": "29-10-2021",
    "price": 1769.15
  },
  {
    "date": "30-11-2021",
    "price": 1804.4
  },
  {
    "date": "31-12-2021",
    "price": 1805.85
  },
  {
    "date": "31-01-2022",
    "price": 1795.25
  },
  {
    "date": "28-02-2022",
    "price": 1909.85
  },
  {
    "date": "31-03-2022",
    "price": 1942.15
  },
  {
    "date": "29-04-2022",
    "price": 1911.3
  },
  {
    "date": "31-05-2022",
    "price": 1838.7
  },
  {
    "date": "30-06-2022",
    "price": 1817
  },
  {
    "date": "29-07-2022",
    "price": 1753.4
  },
  {
    "date": "31-08-2022",
    "price": 1715.9
  },
  {
    "date": "30-09-2022",
    "price": 1671.75
  },
  {
    "date": "31-10-2022",
    "price": 1639
  },
  {
    "date": "30-11-2022",
    "price": 1753.5
  },
  {
    "date": "30-12-2022",
    "price": 1813.75
  },
  {
    "date": "31-01-2023",
    "price": 1923.9
  },
  {
    "date": "28-02-2023",
    "price": 1824.6
  },
  {
    "date": "31-03-2023",
    "price": 1979.7
  },
  {
    "date": "28-04-2023",
    "price": 1982.55
  },
  {
    "date": "31-05-2023",
    "price": 1964.4
  }
]