<?xml version="1.0" encoding="UTF-8" ?>
<root>
  <row>
    <date>31-12-1969</date>
    <price>35.2</price>
  </row>
  <row>
    <date>30-01-1970</date>
    <price>34.99</price>
  </row>
  <row>
    <date>27-02-1970</date>
    <price>35.02</price>
  </row>
  <row>
    <date>31-03-1970</date>
    <price>35.3</price>
  </row>
  <row>
    <date>30-04-1970</date>
    <price>35.85</price>
  </row>
  <row>
    <date>29-05-1970</date>
    <price>35.45</price>
  </row>
  <row>
    <date>30-06-1970</date>
    <price>35.49</price>
  </row>
  <row>
    <date>31-07-1970</date>
    <price>35.3</price>
  </row>
  <row>
    <date>31-08-1970</date>
    <price>35.8</price>
  </row>
  <row>
    <date>30-09-1970</date>
    <price>36.4</price>
  </row>
  <row>
    <date>30-10-1970</date>
    <price>37.25</price>
  </row>
  <row>
    <date>30-11-1970</date>
    <price>37.54</price>
  </row>
  <row>
    <date>31-12-1970</date>
    <price>37.38</price>
  </row>
  <row>
    <date>29-01-1971</date>
    <price>38.05</price>
  </row>
  <row>
    <date>26-02-1971</date>
    <price>38.8</price>
  </row>
  <row>
    <date>31-03-1971</date>
    <price>38.88</price>
  </row>
  <row>
    <date>30-04-1971</date>
    <price>39.7</price>
  </row>
  <row>
    <date>31-05-1971</date>
    <price>40.84</price>
  </row>
  <row>
    <date>30-06-1971</date>
    <price>40.1</price>
  </row>
  <row>
    <date>30-07-1971</date>
    <price>42.4</price>
  </row>
  <row>
    <date>31-08-1971</date>
    <price>40.65</price>
  </row>
  <row>
    <date>30-09-1971</date>
    <price>42.6</price>
  </row>
  <row>
    <date>29-10-1971</date>
    <price>42.34</price>
  </row>
  <row>
    <date>30-11-1971</date>
    <price>43.6</price>
  </row>
  <row>
    <date>31-12-1971</date>
    <price>43.55</price>
  </row>
  <row>
    <date>31-01-1972</date>
    <price>47.15</price>
  </row>
  <row>
    <date>29-02-1972</date>
    <price>48.2</price>
  </row>
  <row>
    <date>31-03-1972</date>
    <price>48.38</price>
  </row>
  <row>
    <date>28-04-1972</date>
    <price>49.6</price>
  </row>
  <row>
    <date>31-05-1972</date>
    <price>59.45</price>
  </row>
  <row>
    <date>30-06-1972</date>
    <price>64.65</price>
  </row>
  <row>
    <date>31-07-1972</date>
    <price>68.3</price>
  </row>
  <row>
    <date>31-08-1972</date>
    <price>66.88</price>
  </row>
  <row>
    <date>29-09-1972</date>
    <price>64.2</price>
  </row>
  <row>
    <date>31-10-1972</date>
    <price>64.39</price>
  </row>
  <row>
    <date>30-11-1972</date>
    <price>63.6</price>
  </row>
  <row>
    <date>29-12-1972</date>
    <price>64.9</price>
  </row>
  <row>
    <date>31-01-1973</date>
    <price>66</price>
  </row>
  <row>
    <date>28-02-1973</date>
    <price>85</price>
  </row>
  <row>
    <date>30-03-1973</date>
    <price>90</price>
  </row>
  <row>
    <date>30-04-1973</date>
    <price>90.72</price>
  </row>
  <row>
    <date>31-05-1973</date>
    <price>114.75</price>
  </row>
  <row>
    <date>29-06-1973</date>
    <price>123.25</price>
  </row>
  <row>
    <date>31-07-1973</date>
    <price>115.6</price>
  </row>
  <row>
    <date>31-08-1973</date>
    <price>103.5</price>
  </row>
  <row>
    <date>28-09-1973</date>
    <price>100</price>
  </row>
  <row>
    <date>31-10-1973</date>
    <price>98</price>
  </row>
  <row>
    <date>30-11-1973</date>
    <price>101</price>
  </row>
  <row>
    <date>31-12-1973</date>
    <price>112.25</price>
  </row>
  <row>
    <date>31-01-1974</date>
    <price>132.5</price>
  </row>
  <row>
    <date>28-02-1974</date>
    <price>162.5</price>
  </row>
  <row>
    <date>29-03-1974</date>
    <price>173</price>
  </row>
  <row>
    <date>30-04-1974</date>
    <price>169.25</price>
  </row>
  <row>
    <date>31-05-1974</date>
    <price>156.75</price>
  </row>
  <row>
    <date>28-06-1974</date>
    <price>144.25</price>
  </row>
  <row>
    <date>31-07-1974</date>
    <price>156</price>
  </row>
  <row>
    <date>30-08-1974</date>
    <price>156</price>
  </row>
  <row>
    <date>30-09-1974</date>
    <price>151.25</price>
  </row>
  <row>
    <date>31-10-1974</date>
    <price>167</price>
  </row>
  <row>
    <date>29-11-1974</date>
    <price>184</price>
  </row>
  <row>
    <date>31-12-1974</date>
    <price>186.5</price>
  </row>
  <row>
    <date>31-01-1975</date>
    <price>175.8</price>
  </row>
  <row>
    <date>28-02-1975</date>
    <price>181.75</price>
  </row>
  <row>
    <date>31-03-1975</date>
    <price>177.25</price>
  </row>
  <row>
    <date>30-04-1975</date>
    <price>167</price>
  </row>
  <row>
    <date>30-05-1975</date>
    <price>167</price>
  </row>
  <row>
    <date>30-06-1975</date>
    <price>166.25</price>
  </row>
  <row>
    <date>31-07-1975</date>
    <price>166.7</price>
  </row>
  <row>
    <date>29-08-1975</date>
    <price>159.8</price>
  </row>
  <row>
    <date>30-09-1975</date>
    <price>141.25</price>
  </row>
  <row>
    <date>31-10-1975</date>
    <price>142.9</price>
  </row>
  <row>
    <date>28-11-1975</date>
    <price>138.15</price>
  </row>
  <row>
    <date>31-12-1975</date>
    <price>140.25</price>
  </row>
  <row>
    <date>30-01-1976</date>
    <price>128.15</price>
  </row>
  <row>
    <date>27-02-1976</date>
    <price>132.3</price>
  </row>
  <row>
    <date>31-03-1976</date>
    <price>129.6</price>
  </row>
  <row>
    <date>30-04-1976</date>
    <price>128.4</price>
  </row>
  <row>
    <date>31-05-1976</date>
    <price>125.5</price>
  </row>
  <row>
    <date>30-06-1976</date>
    <price>123.8</price>
  </row>
  <row>
    <date>30-07-1976</date>
    <price>112.5</price>
  </row>
  <row>
    <date>31-08-1976</date>
    <price>104</price>
  </row>
  <row>
    <date>30-09-1976</date>
    <price>116</price>
  </row>
  <row>
    <date>29-10-1976</date>
    <price>123.15</price>
  </row>
  <row>
    <date>30-11-1976</date>
    <price>130.25</price>
  </row>
  <row>
    <date>31-12-1976</date>
    <price>134.5</price>
  </row>
  <row>
    <date>31-01-1977</date>
    <price>132.3</price>
  </row>
  <row>
    <date>28-02-1977</date>
    <price>142.75</price>
  </row>
  <row>
    <date>31-03-1977</date>
    <price>148.9</price>
  </row>
  <row>
    <date>29-04-1977</date>
    <price>147.25</price>
  </row>
  <row>
    <date>31-05-1977</date>
    <price>142.95</price>
  </row>
  <row>
    <date>30-06-1977</date>
    <price>143</price>
  </row>
  <row>
    <date>29-07-1977</date>
    <price>144.1</price>
  </row>
  <row>
    <date>31-08-1977</date>
    <price>146</price>
  </row>
  <row>
    <date>30-09-1977</date>
    <price>154.05</price>
  </row>
  <row>
    <date>31-10-1977</date>
    <price>161.5</price>
  </row>
  <row>
    <date>30-11-1977</date>
    <price>160.05</price>
  </row>
  <row>
    <date>30-12-1977</date>
    <price>164.95</price>
  </row>
  <row>
    <date>31-01-1978</date>
    <price>175.75</price>
  </row>
  <row>
    <date>28-02-1978</date>
    <price>182.25</price>
  </row>
  <row>
    <date>31-03-1978</date>
    <price>181.6</price>
  </row>
  <row>
    <date>28-04-1978</date>
    <price>170.85</price>
  </row>
  <row>
    <date>31-05-1978</date>
    <price>184.15</price>
  </row>
  <row>
    <date>30-06-1978</date>
    <price>183.05</price>
  </row>
  <row>
    <date>31-07-1978</date>
    <price>200.25</price>
  </row>
  <row>
    <date>31-08-1978</date>
    <price>208.7</price>
  </row>
  <row>
    <date>29-09-1978</date>
    <price>217.1</price>
  </row>
  <row>
    <date>31-10-1978</date>
    <price>242.6</price>
  </row>
  <row>
    <date>30-11-1978</date>
    <price>193.4</price>
  </row>
  <row>
    <date>29-12-1978</date>
    <price>226</price>
  </row>
  <row>
    <date>31-01-1979</date>
    <price>233.7</price>
  </row>
  <row>
    <date>28-02-1979</date>
    <price>251.3</price>
  </row>
  <row>
    <date>30-03-1979</date>
    <price>240.1</price>
  </row>
  <row>
    <date>30-04-1979</date>
    <price>245.3</price>
  </row>
  <row>
    <date>31-05-1979</date>
    <price>274.6</price>
  </row>
  <row>
    <date>29-06-1979</date>
    <price>277.5</price>
  </row>
  <row>
    <date>31-07-1979</date>
    <price>296.45</price>
  </row>
  <row>
    <date>31-08-1979</date>
    <price>315.1</price>
  </row>
  <row>
    <date>28-09-1979</date>
    <price>397.25</price>
  </row>
  <row>
    <date>31-10-1979</date>
    <price>382</price>
  </row>
  <row>
    <date>30-11-1979</date>
    <price>415.65</price>
  </row>
  <row>
    <date>31-12-1979</date>
    <price>512</price>
  </row>
  <row>
    <date>31-01-1980</date>
    <price>653</price>
  </row>
  <row>
    <date>29-02-1980</date>
    <price>637</price>
  </row>
  <row>
    <date>31-03-1980</date>
    <price>494.5</price>
  </row>
  <row>
    <date>30-04-1980</date>
    <price>518</price>
  </row>
  <row>
    <date>30-05-1980</date>
    <price>535.5</price>
  </row>
  <row>
    <date>30-06-1980</date>
    <price>653.5</price>
  </row>
  <row>
    <date>31-07-1980</date>
    <price>614.25</price>
  </row>
  <row>
    <date>29-08-1980</date>
    <price>631.25</price>
  </row>
  <row>
    <date>30-09-1980</date>
    <price>666.75</price>
  </row>
  <row>
    <date>31-10-1980</date>
    <price>629</price>
  </row>
  <row>
    <date>28-11-1980</date>
    <price>619.75</price>
  </row>
  <row>
    <date>31-12-1980</date>
    <price>589.75</price>
  </row>
  <row>
    <date>30-01-1981</date>
    <price>506.5</price>
  </row>
  <row>
    <date>27-02-1981</date>
    <price>489</price>
  </row>
  <row>
    <date>31-03-1981</date>
    <price>513.75</price>
  </row>
  <row>
    <date>30-04-1981</date>
    <price>482.75</price>
  </row>
  <row>
    <date>29-05-1981</date>
    <price>479.25</price>
  </row>
  <row>
    <date>30-06-1981</date>
    <price>426</price>
  </row>
  <row>
    <date>31-07-1981</date>
    <price>406</price>
  </row>
  <row>
    <date>31-08-1981</date>
    <price>425</price>
  </row>
  <row>
    <date>30-09-1981</date>
    <price>428.75</price>
  </row>
  <row>
    <date>30-10-1981</date>
    <price>427</price>
  </row>
  <row>
    <date>30-11-1981</date>
    <price>414.5</price>
  </row>
  <row>
    <date>31-12-1981</date>
    <price>397.5</price>
  </row>
  <row>
    <date>29-01-1982</date>
    <price>387</price>
  </row>
  <row>
    <date>26-02-1982</date>
    <price>362.6</price>
  </row>
  <row>
    <date>31-03-1982</date>
    <price>320</price>
  </row>
  <row>
    <date>30-04-1982</date>
    <price>361.25</price>
  </row>
  <row>
    <date>31-05-1982</date>
    <price>325.25</price>
  </row>
  <row>
    <date>30-06-1982</date>
    <price>317.5</price>
  </row>
  <row>
    <date>30-07-1982</date>
    <price>342.9</price>
  </row>
  <row>
    <date>31-08-1982</date>
    <price>411.5</price>
  </row>
  <row>
    <date>30-09-1982</date>
    <price>397</price>
  </row>
  <row>
    <date>29-10-1982</date>
    <price>423.25</price>
  </row>
  <row>
    <date>30-11-1982</date>
    <price>436</price>
  </row>
  <row>
    <date>31-12-1982</date>
    <price>456.9</price>
  </row>
  <row>
    <date>31-01-1983</date>
    <price>499.5</price>
  </row>
  <row>
    <date>28-02-1983</date>
    <price>408.5</price>
  </row>
  <row>
    <date>31-03-1983</date>
    <price>414.75</price>
  </row>
  <row>
    <date>29-04-1983</date>
    <price>429.25</price>
  </row>
  <row>
    <date>31-05-1983</date>
    <price>437.5</price>
  </row>
  <row>
    <date>30-06-1983</date>
    <price>416</price>
  </row>
  <row>
    <date>29-07-1983</date>
    <price>422</price>
  </row>
  <row>
    <date>31-08-1983</date>
    <price>414.25</price>
  </row>
  <row>
    <date>30-09-1983</date>
    <price>405</price>
  </row>
  <row>
    <date>31-10-1983</date>
    <price>382</price>
  </row>
  <row>
    <date>30-11-1983</date>
    <price>405</price>
  </row>
  <row>
    <date>30-12-1983</date>
    <price>382.4</price>
  </row>
  <row>
    <date>31-01-1984</date>
    <price>373.75</price>
  </row>
  <row>
    <date>29-02-1984</date>
    <price>394.25</price>
  </row>
  <row>
    <date>30-03-1984</date>
    <price>388.5</price>
  </row>
  <row>
    <date>30-04-1984</date>
    <price>375.8</price>
  </row>
  <row>
    <date>31-05-1984</date>
    <price>384.25</price>
  </row>
  <row>
    <date>29-06-1984</date>
    <price>373.05</price>
  </row>
  <row>
    <date>31-07-1984</date>
    <price>342.35</price>
  </row>
  <row>
    <date>31-08-1984</date>
    <price>348.25</price>
  </row>
  <row>
    <date>28-09-1984</date>
    <price>343.75</price>
  </row>
  <row>
    <date>31-10-1984</date>
    <price>333.5</price>
  </row>
  <row>
    <date>30-11-1984</date>
    <price>329</price>
  </row>
  <row>
    <date>31-12-1984</date>
    <price>308.3</price>
  </row>
  <row>
    <date>31-01-1985</date>
    <price>306.65</price>
  </row>
  <row>
    <date>28-02-1985</date>
    <price>287.75</price>
  </row>
  <row>
    <date>29-03-1985</date>
    <price>329.25</price>
  </row>
  <row>
    <date>30-04-1985</date>
    <price>321.35</price>
  </row>
  <row>
    <date>31-05-1985</date>
    <price>314</price>
  </row>
  <row>
    <date>28-06-1985</date>
    <price>317.75</price>
  </row>
  <row>
    <date>31-07-1985</date>
    <price>327.5</price>
  </row>
  <row>
    <date>30-08-1985</date>
    <price>333.25</price>
  </row>
  <row>
    <date>30-09-1985</date>
    <price>325.75</price>
  </row>
  <row>
    <date>31-10-1985</date>
    <price>325.1</price>
  </row>
  <row>
    <date>29-11-1985</date>
    <price>325.3</price>
  </row>
  <row>
    <date>31-12-1985</date>
    <price>326.8</price>
  </row>
  <row>
    <date>31-01-1986</date>
    <price>350.5</price>
  </row>
  <row>
    <date>28-02-1986</date>
    <price>338.15</price>
  </row>
  <row>
    <date>31-03-1986</date>
    <price>344</price>
  </row>
  <row>
    <date>30-04-1986</date>
    <price>345.75</price>
  </row>
  <row>
    <date>30-05-1986</date>
    <price>343.2</price>
  </row>
  <row>
    <date>30-06-1986</date>
    <price>346.75</price>
  </row>
  <row>
    <date>31-07-1986</date>
    <price>357.5</price>
  </row>
  <row>
    <date>29-08-1986</date>
    <price>384.7</price>
  </row>
  <row>
    <date>30-09-1986</date>
    <price>423.2</price>
  </row>
  <row>
    <date>31-10-1986</date>
    <price>401</price>
  </row>
  <row>
    <date>28-11-1986</date>
    <price>389.5</price>
  </row>
  <row>
    <date>31-12-1986</date>
    <price>388.75</price>
  </row>
  <row>
    <date>30-01-1987</date>
    <price>400.5</price>
  </row>
  <row>
    <date>27-02-1987</date>
    <price>405.85</price>
  </row>
  <row>
    <date>31-03-1987</date>
    <price>421</price>
  </row>
  <row>
    <date>30-04-1987</date>
    <price>453.25</price>
  </row>
  <row>
    <date>29-05-1987</date>
    <price>451</price>
  </row>
  <row>
    <date>30-06-1987</date>
    <price>447.3</price>
  </row>
  <row>
    <date>31-07-1987</date>
    <price>462.5</price>
  </row>
  <row>
    <date>31-08-1987</date>
    <price>453.4</price>
  </row>
  <row>
    <date>30-09-1987</date>
    <price>459.5</price>
  </row>
  <row>
    <date>30-10-1987</date>
    <price>468.8</price>
  </row>
  <row>
    <date>30-11-1987</date>
    <price>492.5</price>
  </row>
  <row>
    <date>31-12-1987</date>
    <price>484.1</price>
  </row>
  <row>
    <date>29-01-1988</date>
    <price>458</price>
  </row>
  <row>
    <date>29-02-1988</date>
    <price>426.15</price>
  </row>
  <row>
    <date>31-03-1988</date>
    <price>456.95</price>
  </row>
  <row>
    <date>29-04-1988</date>
    <price>449</price>
  </row>
  <row>
    <date>31-05-1988</date>
    <price>455.5</price>
  </row>
  <row>
    <date>30-06-1988</date>
    <price>436.55</price>
  </row>
  <row>
    <date>29-07-1988</date>
    <price>436.8</price>
  </row>
  <row>
    <date>31-08-1988</date>
    <price>427.75</price>
  </row>
  <row>
    <date>30-09-1988</date>
    <price>396.7</price>
  </row>
  <row>
    <date>31-10-1988</date>
    <price>412.4</price>
  </row>
  <row>
    <date>30-11-1988</date>
    <price>422.6</price>
  </row>
  <row>
    <date>30-12-1988</date>
    <price>410.25</price>
  </row>
  <row>
    <date>31-01-1989</date>
    <price>394</price>
  </row>
  <row>
    <date>28-02-1989</date>
    <price>387</price>
  </row>
  <row>
    <date>31-03-1989</date>
    <price>383.2</price>
  </row>
  <row>
    <date>28-04-1989</date>
    <price>377.55</price>
  </row>
  <row>
    <date>31-05-1989</date>
    <price>361.8</price>
  </row>
  <row>
    <date>30-06-1989</date>
    <price>373</price>
  </row>
  <row>
    <date>31-07-1989</date>
    <price>368.3</price>
  </row>
  <row>
    <date>31-08-1989</date>
    <price>359.8</price>
  </row>
  <row>
    <date>29-09-1989</date>
    <price>366.5</price>
  </row>
  <row>
    <date>31-10-1989</date>
    <price>375.3</price>
  </row>
  <row>
    <date>30-11-1989</date>
    <price>408.15</price>
  </row>
  <row>
    <date>29-12-1989</date>
    <price>398.6</price>
  </row>
  <row>
    <date>31-01-1990</date>
    <price>415.05</price>
  </row>
  <row>
    <date>28-02-1990</date>
    <price>407.7</price>
  </row>
  <row>
    <date>30-03-1990</date>
    <price>368.5</price>
  </row>
  <row>
    <date>30-04-1990</date>
    <price>367.75</price>
  </row>
  <row>
    <date>31-05-1990</date>
    <price>363.05</price>
  </row>
  <row>
    <date>29-06-1990</date>
    <price>352.2</price>
  </row>
  <row>
    <date>31-07-1990</date>
    <price>372.3</price>
  </row>
  <row>
    <date>31-08-1990</date>
    <price>387.75</price>
  </row>
  <row>
    <date>28-09-1990</date>
    <price>408.4</price>
  </row>
  <row>
    <date>31-10-1990</date>
    <price>379.5</price>
  </row>
  <row>
    <date>30-11-1990</date>
    <price>384.85</price>
  </row>
  <row>
    <date>31-12-1990</date>
    <price>386.2</price>
  </row>
  <row>
    <date>31-01-1991</date>
    <price>366</price>
  </row>
  <row>
    <date>28-02-1991</date>
    <price>362.7</price>
  </row>
  <row>
    <date>29-03-1991</date>
    <price>355.65</price>
  </row>
  <row>
    <date>30-04-1991</date>
    <price>357.75</price>
  </row>
  <row>
    <date>31-05-1991</date>
    <price>360.4</price>
  </row>
  <row>
    <date>28-06-1991</date>
    <price>368.35</price>
  </row>
  <row>
    <date>31-07-1991</date>
    <price>362.85</price>
  </row>
  <row>
    <date>30-08-1991</date>
    <price>347.4</price>
  </row>
  <row>
    <date>30-09-1991</date>
    <price>354.9</price>
  </row>
  <row>
    <date>31-10-1991</date>
    <price>357.45</price>
  </row>
  <row>
    <date>29-11-1991</date>
    <price>366.3</price>
  </row>
  <row>
    <date>31-12-1991</date>
    <price>353.15</price>
  </row>
  <row>
    <date>31-01-1992</date>
    <price>354.1</price>
  </row>
  <row>
    <date>28-02-1992</date>
    <price>353.1</price>
  </row>
  <row>
    <date>31-03-1992</date>
    <price>341.7</price>
  </row>
  <row>
    <date>30-04-1992</date>
    <price>336.35</price>
  </row>
  <row>
    <date>29-05-1992</date>
    <price>337.5</price>
  </row>
  <row>
    <date>30-06-1992</date>
    <price>343.4</price>
  </row>
  <row>
    <date>31-07-1992</date>
    <price>357.85</price>
  </row>
  <row>
    <date>31-08-1992</date>
    <price>340</price>
  </row>
  <row>
    <date>30-09-1992</date>
    <price>349</price>
  </row>
  <row>
    <date>30-10-1992</date>
    <price>339.25</price>
  </row>
  <row>
    <date>30-11-1992</date>
    <price>334.2</price>
  </row>
  <row>
    <date>31-12-1992</date>
    <price>332.9</price>
  </row>
  <row>
    <date>29-01-1993</date>
    <price>330.45</price>
  </row>
  <row>
    <date>26-02-1993</date>
    <price>327.6</price>
  </row>
  <row>
    <date>31-03-1993</date>
    <price>337.8</price>
  </row>
  <row>
    <date>30-04-1993</date>
    <price>354.3</price>
  </row>
  <row>
    <date>31-05-1993</date>
    <price>377.45</price>
  </row>
  <row>
    <date>30-06-1993</date>
    <price>378.45</price>
  </row>
  <row>
    <date>30-07-1993</date>
    <price>401.75</price>
  </row>
  <row>
    <date>31-08-1993</date>
    <price>371.55</price>
  </row>
  <row>
    <date>30-09-1993</date>
    <price>355.5</price>
  </row>
  <row>
    <date>29-10-1993</date>
    <price>369.6</price>
  </row>
  <row>
    <date>30-11-1993</date>
    <price>370.9</price>
  </row>
  <row>
    <date>31-12-1993</date>
    <price>391.75</price>
  </row>
  <row>
    <date>31-01-1994</date>
    <price>377.9</price>
  </row>
  <row>
    <date>28-02-1994</date>
    <price>381.55</price>
  </row>
  <row>
    <date>31-03-1994</date>
    <price>389.2</price>
  </row>
  <row>
    <date>29-04-1994</date>
    <price>376.45</price>
  </row>
  <row>
    <date>31-05-1994</date>
    <price>387.6</price>
  </row>
  <row>
    <date>30-06-1994</date>
    <price>388.25</price>
  </row>
  <row>
    <date>29-07-1994</date>
    <price>384</price>
  </row>
  <row>
    <date>31-08-1994</date>
    <price>385.75</price>
  </row>
  <row>
    <date>30-09-1994</date>
    <price>394.85</price>
  </row>
  <row>
    <date>31-10-1994</date>
    <price>383.85</price>
  </row>
  <row>
    <date>30-11-1994</date>
    <price>383.1</price>
  </row>
  <row>
    <date>30-12-1994</date>
    <price>383.25</price>
  </row>
  <row>
    <date>31-01-1995</date>
    <price>374.9</price>
  </row>
  <row>
    <date>28-02-1995</date>
    <price>376.4</price>
  </row>
  <row>
    <date>31-03-1995</date>
    <price>392</price>
  </row>
  <row>
    <date>28-04-1995</date>
    <price>389.75</price>
  </row>
  <row>
    <date>31-05-1995</date>
    <price>384.3</price>
  </row>
  <row>
    <date>30-06-1995</date>
    <price>387.05</price>
  </row>
  <row>
    <date>31-07-1995</date>
    <price>383.35</price>
  </row>
  <row>
    <date>31-08-1995</date>
    <price>382.35</price>
  </row>
  <row>
    <date>29-09-1995</date>
    <price>384</price>
  </row>
  <row>
    <date>31-10-1995</date>
    <price>382.65</price>
  </row>
  <row>
    <date>30-11-1995</date>
    <price>387.8</price>
  </row>
  <row>
    <date>29-12-1995</date>
    <price>387</price>
  </row>
  <row>
    <date>31-01-1996</date>
    <price>405.55</price>
  </row>
  <row>
    <date>29-02-1996</date>
    <price>400.65</price>
  </row>
  <row>
    <date>29-03-1996</date>
    <price>396.35</price>
  </row>
  <row>
    <date>30-04-1996</date>
    <price>391.3</price>
  </row>
  <row>
    <date>31-05-1996</date>
    <price>390.55</price>
  </row>
  <row>
    <date>28-06-1996</date>
    <price>382</price>
  </row>
  <row>
    <date>31-07-1996</date>
    <price>385.3</price>
  </row>
  <row>
    <date>30-08-1996</date>
    <price>386.45</price>
  </row>
  <row>
    <date>30-09-1996</date>
    <price>379</price>
  </row>
  <row>
    <date>31-10-1996</date>
    <price>379.5</price>
  </row>
  <row>
    <date>29-11-1996</date>
    <price>371.3</price>
  </row>
  <row>
    <date>31-12-1996</date>
    <price>369.25</price>
  </row>
  <row>
    <date>31-01-1997</date>
    <price>345.5</price>
  </row>
  <row>
    <date>28-02-1997</date>
    <price>358.6</price>
  </row>
  <row>
    <date>31-03-1997</date>
    <price>348.15</price>
  </row>
  <row>
    <date>30-04-1997</date>
    <price>340.15</price>
  </row>
  <row>
    <date>30-05-1997</date>
    <price>345.6</price>
  </row>
  <row>
    <date>30-06-1997</date>
    <price>334.55</price>
  </row>
  <row>
    <date>31-07-1997</date>
    <price>326.35</price>
  </row>
  <row>
    <date>29-08-1997</date>
    <price>325.35</price>
  </row>
  <row>
    <date>30-09-1997</date>
    <price>332.1</price>
  </row>
  <row>
    <date>31-10-1997</date>
    <price>311.4</price>
  </row>
  <row>
    <date>28-11-1997</date>
    <price>296.8</price>
  </row>
  <row>
    <date>31-12-1997</date>
    <price>290.2</price>
  </row>
  <row>
    <date>30-01-1998</date>
    <price>304.85</price>
  </row>
  <row>
    <date>27-02-1998</date>
    <price>297.4</price>
  </row>
  <row>
    <date>31-03-1998</date>
    <price>301</price>
  </row>
  <row>
    <date>30-04-1998</date>
    <price>310.7</price>
  </row>
  <row>
    <date>29-05-1998</date>
    <price>293.6</price>
  </row>
  <row>
    <date>30-06-1998</date>
    <price>296.3</price>
  </row>
  <row>
    <date>31-07-1998</date>
    <price>288.85</price>
  </row>
  <row>
    <date>31-08-1998</date>
    <price>273.4</price>
  </row>
  <row>
    <date>30-09-1998</date>
    <price>293.85</price>
  </row>
  <row>
    <date>30-10-1998</date>
    <price>292.3</price>
  </row>
  <row>
    <date>30-11-1998</date>
    <price>294.7</price>
  </row>
  <row>
    <date>31-12-1998</date>
    <price>287.8</price>
  </row>
  <row>
    <date>29-01-1999</date>
    <price>285.4</price>
  </row>
  <row>
    <date>26-02-1999</date>
    <price>287.05</price>
  </row>
  <row>
    <date>31-03-1999</date>
    <price>279.45</price>
  </row>
  <row>
    <date>30-04-1999</date>
    <price>286.6</price>
  </row>
  <row>
    <date>31-05-1999</date>
    <price>268.6</price>
  </row>
  <row>
    <date>30-06-1999</date>
    <price>261</price>
  </row>
  <row>
    <date>30-07-1999</date>
    <price>255.6</price>
  </row>
  <row>
    <date>31-08-1999</date>
    <price>254.8</price>
  </row>
  <row>
    <date>30-09-1999</date>
    <price>299</price>
  </row>
  <row>
    <date>29-10-1999</date>
    <price>299.1</price>
  </row>
  <row>
    <date>30-11-1999</date>
    <price>291.35</price>
  </row>
  <row>
    <date>31-12-1999</date>
    <price>290.25</price>
  </row>
  <row>
    <date>31-01-2000</date>
    <price>283.3</price>
  </row>
  <row>
    <date>29-02-2000</date>
    <price>293.65</price>
  </row>
  <row>
    <date>31-03-2000</date>
    <price>276.75</price>
  </row>
  <row>
    <date>28-04-2000</date>
    <price>275.05</price>
  </row>
  <row>
    <date>31-05-2000</date>
    <price>272.25</price>
  </row>
  <row>
    <date>30-06-2000</date>
    <price>288.15</price>
  </row>
  <row>
    <date>31-07-2000</date>
    <price>276.75</price>
  </row>
  <row>
    <date>31-08-2000</date>
    <price>277</price>
  </row>
  <row>
    <date>29-09-2000</date>
    <price>273.65</price>
  </row>
  <row>
    <date>31-10-2000</date>
    <price>264.5</price>
  </row>
  <row>
    <date>30-11-2000</date>
    <price>269.1</price>
  </row>
  <row>
    <date>29-12-2000</date>
    <price>274.45</price>
  </row>
  <row>
    <date>31-01-2001</date>
    <price>264.5</price>
  </row>
  <row>
    <date>28-02-2001</date>
    <price>266.7</price>
  </row>
  <row>
    <date>30-03-2001</date>
    <price>257.7</price>
  </row>
  <row>
    <date>30-04-2001</date>
    <price>263.15</price>
  </row>
  <row>
    <date>31-05-2001</date>
    <price>267.5</price>
  </row>
  <row>
    <date>29-06-2001</date>
    <price>270.6</price>
  </row>
  <row>
    <date>31-07-2001</date>
    <price>265.9</price>
  </row>
  <row>
    <date>31-08-2001</date>
    <price>273</price>
  </row>
  <row>
    <date>28-09-2001</date>
    <price>293.1</price>
  </row>
  <row>
    <date>31-10-2001</date>
    <price>278.75</price>
  </row>
  <row>
    <date>30-11-2001</date>
    <price>275.5</price>
  </row>
  <row>
    <date>31-12-2001</date>
    <price>276.5</price>
  </row>
  <row>
    <date>31-01-2002</date>
    <price>282.3</price>
  </row>
  <row>
    <date>28-02-2002</date>
    <price>296.85</price>
  </row>
  <row>
    <date>29-03-2002</date>
    <price>301.4</price>
  </row>
  <row>
    <date>30-04-2002</date>
    <price>308.2</price>
  </row>
  <row>
    <date>31-05-2002</date>
    <price>326.6</price>
  </row>
  <row>
    <date>28-06-2002</date>
    <price>318.5</price>
  </row>
  <row>
    <date>31-07-2002</date>
    <price>304.65</price>
  </row>
  <row>
    <date>30-08-2002</date>
    <price>312.8</price>
  </row>
  <row>
    <date>30-09-2002</date>
    <price>323.7</price>
  </row>
  <row>
    <date>31-10-2002</date>
    <price>316.9</price>
  </row>
  <row>
    <date>29-11-2002</date>
    <price>319.05</price>
  </row>
  <row>
    <date>31-12-2002</date>
    <price>347.2</price>
  </row>
  <row>
    <date>31-01-2003</date>
    <price>367.5</price>
  </row>
  <row>
    <date>28-02-2003</date>
    <price>347.45</price>
  </row>
  <row>
    <date>31-03-2003</date>
    <price>334.85</price>
  </row>
  <row>
    <date>30-04-2003</date>
    <price>336.75</price>
  </row>
  <row>
    <date>30-05-2003</date>
    <price>361.4</price>
  </row>
  <row>
    <date>30-06-2003</date>
    <price>346</price>
  </row>
  <row>
    <date>31-07-2003</date>
    <price>354.75</price>
  </row>
  <row>
    <date>29-08-2003</date>
    <price>375.6</price>
  </row>
  <row>
    <date>30-09-2003</date>
    <price>388</price>
  </row>
  <row>
    <date>31-10-2003</date>
    <price>386.25</price>
  </row>
  <row>
    <date>28-11-2003</date>
    <price>398.35</price>
  </row>
  <row>
    <date>31-12-2003</date>
    <price>416.25</price>
  </row>
  <row>
    <date>30-01-2004</date>
    <price>399.75</price>
  </row>
  <row>
    <date>27-02-2004</date>
    <price>395.85</price>
  </row>
  <row>
    <date>31-03-2004</date>
    <price>423.7</price>
  </row>
  <row>
    <date>30-04-2004</date>
    <price>388.5</price>
  </row>
  <row>
    <date>31-05-2004</date>
    <price>393.25</price>
  </row>
  <row>
    <date>30-06-2004</date>
    <price>395.8</price>
  </row>
  <row>
    <date>30-07-2004</date>
    <price>391.4</price>
  </row>
  <row>
    <date>31-08-2004</date>
    <price>407.25</price>
  </row>
  <row>
    <date>30-09-2004</date>
    <price>415.65</price>
  </row>
  <row>
    <date>29-10-2004</date>
    <price>425.55</price>
  </row>
  <row>
    <date>30-11-2004</date>
    <price>453.4</price>
  </row>
  <row>
    <date>31-12-2004</date>
    <price>435.6</price>
  </row>
  <row>
    <date>31-01-2005</date>
    <price>422.15</price>
  </row>
  <row>
    <date>28-02-2005</date>
    <price>435.45</price>
  </row>
  <row>
    <date>31-03-2005</date>
    <price>427.5</price>
  </row>
  <row>
    <date>29-04-2005</date>
    <price>435.7</price>
  </row>
  <row>
    <date>31-05-2005</date>
    <price>414.45</price>
  </row>
  <row>
    <date>30-06-2005</date>
    <price>437.1</price>
  </row>
  <row>
    <date>29-07-2005</date>
    <price>429</price>
  </row>
  <row>
    <date>31-08-2005</date>
    <price>433.25</price>
  </row>
  <row>
    <date>30-09-2005</date>
    <price>473.25</price>
  </row>
  <row>
    <date>31-10-2005</date>
    <price>470.75</price>
  </row>
  <row>
    <date>30-11-2005</date>
    <price>495.65</price>
  </row>
  <row>
    <date>30-12-2005</date>
    <price>513</price>
  </row>
  <row>
    <date>31-01-2006</date>
    <price>568.75</price>
  </row>
  <row>
    <date>28-02-2006</date>
    <price>556</price>
  </row>
  <row>
    <date>31-03-2006</date>
    <price>582</price>
  </row>
  <row>
    <date>28-04-2006</date>
    <price>644</price>
  </row>
  <row>
    <date>31-05-2006</date>
    <price>653</price>
  </row>
  <row>
    <date>30-06-2006</date>
    <price>613.5</price>
  </row>
  <row>
    <date>31-07-2006</date>
    <price>632.5</price>
  </row>
  <row>
    <date>31-08-2006</date>
    <price>623.5</price>
  </row>
  <row>
    <date>29-09-2006</date>
    <price>599.25</price>
  </row>
  <row>
    <date>31-10-2006</date>
    <price>603.75</price>
  </row>
  <row>
    <date>30-11-2006</date>
    <price>646.7</price>
  </row>
  <row>
    <date>29-12-2006</date>
    <price>632</price>
  </row>
  <row>
    <date>31-01-2007</date>
    <price>650.5</price>
  </row>
  <row>
    <date>28-02-2007</date>
    <price>664.2</price>
  </row>
  <row>
    <date>30-03-2007</date>
    <price>661.75</price>
  </row>
  <row>
    <date>30-04-2007</date>
    <price>677</price>
  </row>
  <row>
    <date>31-05-2007</date>
    <price>659.1</price>
  </row>
  <row>
    <date>29-06-2007</date>
    <price>650.5</price>
  </row>
  <row>
    <date>31-07-2007</date>
    <price>665.5</price>
  </row>
  <row>
    <date>31-08-2007</date>
    <price>672</price>
  </row>
  <row>
    <date>28-09-2007</date>
    <price>743</price>
  </row>
  <row>
    <date>31-10-2007</date>
    <price>789.5</price>
  </row>
  <row>
    <date>30-11-2007</date>
    <price>783.5</price>
  </row>
  <row>
    <date>31-12-2007</date>
    <price>833.75</price>
  </row>
  <row>
    <date>31-01-2008</date>
    <price>923.25</price>
  </row>
  <row>
    <date>29-02-2008</date>
    <price>971.5</price>
  </row>
  <row>
    <date>31-03-2008</date>
    <price>933.5</price>
  </row>
  <row>
    <date>30-04-2008</date>
    <price>871</price>
  </row>
  <row>
    <date>30-05-2008</date>
    <price>885.75</price>
  </row>
  <row>
    <date>30-06-2008</date>
    <price>930.25</price>
  </row>
  <row>
    <date>31-07-2008</date>
    <price>918</price>
  </row>
  <row>
    <date>29-08-2008</date>
    <price>833</price>
  </row>
  <row>
    <date>30-09-2008</date>
    <price>884.5</price>
  </row>
  <row>
    <date>31-10-2008</date>
    <price>730.75</price>
  </row>
  <row>
    <date>28-11-2008</date>
    <price>814.5</price>
  </row>
  <row>
    <date>31-12-2008</date>
    <price>869.75</price>
  </row>
  <row>
    <date>30-01-2009</date>
    <price>919.5</price>
  </row>
  <row>
    <date>27-02-2009</date>
    <price>952</price>
  </row>
  <row>
    <date>31-03-2009</date>
    <price>916.5</price>
  </row>
  <row>
    <date>30-04-2009</date>
    <price>883.25</price>
  </row>
  <row>
    <date>29-05-2009</date>
    <price>975.5</price>
  </row>
  <row>
    <date>30-06-2009</date>
    <price>934.5</price>
  </row>
  <row>
    <date>31-07-2009</date>
    <price>939</price>
  </row>
  <row>
    <date>31-08-2009</date>
    <price>955.5</price>
  </row>
  <row>
    <date>30-09-2009</date>
    <price>995.75</price>
  </row>
  <row>
    <date>30-10-2009</date>
    <price>1040</price>
  </row>
  <row>
    <date>30-11-2009</date>
    <price>1175.75</price>
  </row>
  <row>
    <date>31-12-2009</date>
    <price>1087.5</price>
  </row>
  <row>
    <date>29-01-2010</date>
    <price>1078.5</price>
  </row>
  <row>
    <date>26-02-2010</date>
    <price>1108.25</price>
  </row>
  <row>
    <date>31-03-2010</date>
    <price>1115.5</price>
  </row>
  <row>
    <date>30-04-2010</date>
    <price>1179.25</price>
  </row>
  <row>
    <date>31-05-2010</date>
    <price>1207.5</price>
  </row>
  <row>
    <date>30-06-2010</date>
    <price>1244</price>
  </row>
  <row>
    <date>30-07-2010</date>
    <price>1169</price>
  </row>
  <row>
    <date>31-08-2010</date>
    <price>1246</price>
  </row>
  <row>
    <date>30-09-2010</date>
    <price>1307</price>
  </row>
  <row>
    <date>29-10-2010</date>
    <price>1346.75</price>
  </row>
  <row>
    <date>30-11-2010</date>
    <price>1383.5</price>
  </row>
  <row>
    <date>31-12-2010</date>
    <price>1405.5</price>
  </row>
  <row>
    <date>31-01-2011</date>
    <price>1327</price>
  </row>
  <row>
    <date>28-02-2011</date>
    <price>1411</price>
  </row>
  <row>
    <date>31-03-2011</date>
    <price>1439</price>
  </row>
  <row>
    <date>29-04-2011</date>
    <price>1535.5</price>
  </row>
  <row>
    <date>31-05-2011</date>
    <price>1536.5</price>
  </row>
  <row>
    <date>30-06-2011</date>
    <price>1505.5</price>
  </row>
  <row>
    <date>29-07-2011</date>
    <price>1628.5</price>
  </row>
  <row>
    <date>31-08-2011</date>
    <price>1813.5</price>
  </row>
  <row>
    <date>30-09-2011</date>
    <price>1620</price>
  </row>
  <row>
    <date>31-10-2011</date>
    <price>1722</price>
  </row>
  <row>
    <date>30-11-2011</date>
    <price>1746</price>
  </row>
  <row>
    <date>30-12-2011</date>
    <price>1531</price>
  </row>
  <row>
    <date>31-01-2012</date>
    <price>1744</price>
  </row>
  <row>
    <date>29-02-2012</date>
    <price>1770</price>
  </row>
  <row>
    <date>30-03-2012</date>
    <price>1662.5</price>
  </row>
  <row>
    <date>30-04-2012</date>
    <price>1651.25</price>
  </row>
  <row>
    <date>31-05-2012</date>
    <price>1558</price>
  </row>
  <row>
    <date>29-06-2012</date>
    <price>1598.5</price>
  </row>
  <row>
    <date>31-07-2012</date>
    <price>1622</price>
  </row>
  <row>
    <date>31-08-2012</date>
    <price>1648.5</price>
  </row>
  <row>
    <date>28-09-2012</date>
    <price>1776</price>
  </row>
  <row>
    <date>31-10-2012</date>
    <price>1719</price>
  </row>
  <row>
    <date>30-11-2012</date>
    <price>1726</price>
  </row>
  <row>
    <date>31-12-2012</date>
    <price>1657.5</price>
  </row>
  <row>
    <date>31-01-2013</date>
    <price>1664.75</price>
  </row>
  <row>
    <date>28-02-2013</date>
    <price>1588.5</price>
  </row>
  <row>
    <date>29-03-2013</date>
    <price>1598.25</price>
  </row>
  <row>
    <date>30-04-2013</date>
    <price>1469</price>
  </row>
  <row>
    <date>31-05-2013</date>
    <price>1394.5</price>
  </row>
  <row>
    <date>28-06-2013</date>
    <price>1192</price>
  </row>
  <row>
    <date>31-07-2013</date>
    <price>1314.5</price>
  </row>
  <row>
    <date>30-08-2013</date>
    <price>1394.75</price>
  </row>
  <row>
    <date>30-09-2013</date>
    <price>1326.5</price>
  </row>
  <row>
    <date>31-10-2013</date>
    <price>1324</price>
  </row>
  <row>
    <date>29-11-2013</date>
    <price>1253</price>
  </row>
  <row>
    <date>31-12-2013</date>
    <price>1204.5</price>
  </row>
  <row>
    <date>31-01-2014</date>
    <price>1251</price>
  </row>
  <row>
    <date>28-02-2014</date>
    <price>1326.5</price>
  </row>
  <row>
    <date>31-03-2014</date>
    <price>1291.75</price>
  </row>
  <row>
    <date>30-04-2014</date>
    <price>1288.5</price>
  </row>
  <row>
    <date>30-05-2014</date>
    <price>1250.5</price>
  </row>
  <row>
    <date>30-06-2014</date>
    <price>1315</price>
  </row>
  <row>
    <date>31-07-2014</date>
    <price>1285.25</price>
  </row>
  <row>
    <date>29-08-2014</date>
    <price>1285.75</price>
  </row>
  <row>
    <date>30-09-2014</date>
    <price>1216.5</price>
  </row>
  <row>
    <date>31-10-2014</date>
    <price>1164.25</price>
  </row>
  <row>
    <date>28-11-2014</date>
    <price>1182.75</price>
  </row>
  <row>
    <date>31-12-2014</date>
    <price>1206</price>
  </row>
  <row>
    <date>30-01-2015</date>
    <price>1260.25</price>
  </row>
  <row>
    <date>27-02-2015</date>
    <price>1214</price>
  </row>
  <row>
    <date>31-03-2015</date>
    <price>1187</price>
  </row>
  <row>
    <date>30-04-2015</date>
    <price>1180.25</price>
  </row>
  <row>
    <date>29-05-2015</date>
    <price>1191.4</price>
  </row>
  <row>
    <date>30-06-2015</date>
    <price>1171</price>
  </row>
  <row>
    <date>31-07-2015</date>
    <price>1098.4</price>
  </row>
  <row>
    <date>31-08-2015</date>
    <price>1135</price>
  </row>
  <row>
    <date>30-09-2015</date>
    <price>1114</price>
  </row>
  <row>
    <date>30-10-2015</date>
    <price>1142.35</price>
  </row>
  <row>
    <date>30-11-2015</date>
    <price>1061.9</price>
  </row>
  <row>
    <date>31-12-2015</date>
    <price>1060</price>
  </row>
  <row>
    <date>29-01-2016</date>
    <price>1111.8</price>
  </row>
  <row>
    <date>29-02-2016</date>
    <price>1234.9</price>
  </row>
  <row>
    <date>31-03-2016</date>
    <price>1237</price>
  </row>
  <row>
    <date>29-04-2016</date>
    <price>1285.65</price>
  </row>
  <row>
    <date>31-05-2016</date>
    <price>1212.1</price>
  </row>
  <row>
    <date>30-06-2016</date>
    <price>1320.75</price>
  </row>
  <row>
    <date>29-07-2016</date>
    <price>1342</price>
  </row>
  <row>
    <date>31-08-2016</date>
    <price>1309.25</price>
  </row>
  <row>
    <date>30-09-2016</date>
    <price>1322.5</price>
  </row>
  <row>
    <date>31-10-2016</date>
    <price>1272</price>
  </row>
  <row>
    <date>30-11-2016</date>
    <price>1178.1</price>
  </row>
  <row>
    <date>30-12-2016</date>
    <price>1145.9</price>
  </row>
  <row>
    <date>31-01-2017</date>
    <price>1212.8</price>
  </row>
  <row>
    <date>28-02-2017</date>
    <price>1255.6</price>
  </row>
  <row>
    <date>31-03-2017</date>
    <price>1244.85</price>
  </row>
  <row>
    <date>28-04-2017</date>
    <price>1266.45</price>
  </row>
  <row>
    <date>31-05-2017</date>
    <price>1266.2</price>
  </row>
  <row>
    <date>30-06-2017</date>
    <price>1242.25</price>
  </row>
  <row>
    <date>31-07-2017</date>
    <price>1267.55</price>
  </row>
  <row>
    <date>31-08-2017</date>
    <price>1311.75</price>
  </row>
  <row>
    <date>29-09-2017</date>
    <price>1283.1</price>
  </row>
  <row>
    <date>31-10-2017</date>
    <price>1270.15</price>
  </row>
  <row>
    <date>30-11-2017</date>
    <price>1280.2</price>
  </row>
  <row>
    <date>29-12-2017</date>
    <price>1291</price>
  </row>
  <row>
    <date>31-01-2018</date>
    <price>1345.05</price>
  </row>
  <row>
    <date>28-02-2018</date>
    <price>1317.85</price>
  </row>
  <row>
    <date>30-03-2018</date>
    <price>1323.85</price>
  </row>
  <row>
    <date>30-04-2018</date>
    <price>1313.2</price>
  </row>
  <row>
    <date>31-05-2018</date>
    <price>1305.35</price>
  </row>
  <row>
    <date>29-06-2018</date>
    <price>1250.45</price>
  </row>
  <row>
    <date>31-07-2018</date>
    <price>1220.95</price>
  </row>
  <row>
    <date>31-08-2018</date>
    <price>1202.45</price>
  </row>
  <row>
    <date>28-09-2018</date>
    <price>1187.25</price>
  </row>
  <row>
    <date>31-10-2018</date>
    <price>1214.95</price>
  </row>
  <row>
    <date>30-11-2018</date>
    <price>1217.55</price>
  </row>
  <row>
    <date>31-12-2018</date>
    <price>1279</price>
  </row>
  <row>
    <date>31-01-2019</date>
    <price>1323.25</price>
  </row>
  <row>
    <date>28-02-2019</date>
    <price>1319.15</price>
  </row>
  <row>
    <date>29-03-2019</date>
    <price>1295.4</price>
  </row>
  <row>
    <date>30-04-2019</date>
    <price>1282.3</price>
  </row>
  <row>
    <date>31-05-2019</date>
    <price>1295.55</price>
  </row>
  <row>
    <date>28-06-2019</date>
    <price>1409</price>
  </row>
  <row>
    <date>31-07-2019</date>
    <price>1427.55</price>
  </row>
  <row>
    <date>30-08-2019</date>
    <price>1528.4</price>
  </row>
  <row>
    <date>30-09-2019</date>
    <price>1485.3</price>
  </row>
  <row>
    <date>31-10-2019</date>
    <price>1510.95</price>
  </row>
  <row>
    <date>29-11-2019</date>
    <price>1460.15</price>
  </row>
  <row>
    <date>31-12-2019</date>
    <price>1514.75</price>
  </row>
  <row>
    <date>31-01-2020</date>
    <price>1584.2</price>
  </row>
  <row>
    <date>28-02-2020</date>
    <price>1609.85</price>
  </row>
  <row>
    <date>31-03-2020</date>
    <price>1608.95</price>
  </row>
  <row>
    <date>30-04-2020</date>
    <price>1702.75</price>
  </row>
  <row>
    <date>29-05-2020</date>
    <price>1728.7</price>
  </row>
  <row>
    <date>30-06-2020</date>
    <price>1768.1</price>
  </row>
  <row>
    <date>31-07-2020</date>
    <price>1964.9</price>
  </row>
  <row>
    <date>31-08-2020</date>
    <price>1957.35</price>
  </row>
  <row>
    <date>30-09-2020</date>
    <price>1886.9</price>
  </row>
  <row>
    <date>30-10-2020</date>
    <price>1881.85</price>
  </row>
  <row>
    <date>30-11-2020</date>
    <price>1762.55</price>
  </row>
  <row>
    <date>31-12-2020</date>
    <price>1887.6</price>
  </row>
  <row>
    <date>29-01-2021</date>
    <price>1863.8</price>
  </row>
  <row>
    <date>26-02-2021</date>
    <price>1742.85</price>
  </row>
  <row>
    <date>31-03-2021</date>
    <price>1691.05</price>
  </row>
  <row>
    <date>30-04-2021</date>
    <price>1767.65</price>
  </row>
  <row>
    <date>31-05-2021</date>
    <price>1899.95</price>
  </row>
  <row>
    <date>30-06-2021</date>
    <price>1763.15</price>
  </row>
  <row>
    <date>30-07-2021</date>
    <price>1825.75</price>
  </row>
  <row>
    <date>31-08-2021</date>
    <price>1814.85</price>
  </row>
  <row>
    <date>30-09-2021</date>
    <price>1742.8</price>
  </row>
  <row>
    <date>29-10-2021</date>
    <price>1769.15</price>
  </row>
  <row>
    <date>30-11-2021</date>
    <price>1804.4</price>
  </row>
  <row>
    <date>31-12-2021</date>
    <price>1805.85</price>
  </row>
  <row>
    <date>31-01-2022</date>
    <price>1795.25</price>
  </row>
  <row>
    <date>28-02-2022</date>
    <price>1909.85</price>
  </row>
  <row>
    <date>31-03-2022</date>
    <price>1942.15</price>
  </row>
  <row>
    <date>29-04-2022</date>
    <price>1911.3</price>
  </row>
  <row>
    <date>31-05-2022</date>
    <price>1838.7</price>
  </row>
  <row>
    <date>30-06-2022</date>
    <price>1817</price>
  </row>
  <row>
    <date>29-07-2022</date>
    <price>1753.4</price>
  </row>
  <row>
    <date>31-08-2022</date>
    <price>1715.9</price>
  </row>
  <row>
    <date>30-09-2022</date>
    <price>1671.75</price>
  </row>
  <row>
    <date>31-10-2022</date>
    <price>1639</price>
  </row>
  <row>
    <date>30-11-2022</date>
    <price>1753.5</price>
  </row>
  <row>
    <date>30-12-2022</date>
    <price>1813.75</price>
  </row>
  <row>
    <date>31-01-2023</date>
    <price>1923.9</price>
  </row>
  <row>
    <date>28-02-2023</date>
    <price>1824.6</price>
  </row>
  <row>
    <date>31-03-2023</date>
    <price>1979.7</price>
  </row>
  <row>
    <date>28-04-2023</date>
    <price>1982.55</price>
  </row>
  <row>
    <date>31-05-2023</date>
    <price>1964.4</price>
  </row>
</root>